{
  "repoSenseVersion": "v1.9",
  "reportGeneratedTime": "Sun Aug 4 04:46:50 2019 UTC",
  "repos": [
    {
      "location": {
        "location": "https://github.com/cs3217-1819/final-project-cs3217-sailingthroughhistory.git",
        "repoName": "final-project-cs3217-sailingthroughhistory",
        "organization": "cs3217-1819"
      },
      "branch": "master",
      "displayName": "cs3217-1819_final-project-cs3217-sailingthroughhistory_master"
    },
    {
      "location": {
        "location": "https://github.com/cs3217-1819/final-project-kickback.git",
        "repoName": "final-project-kickback",
        "organization": "cs3217-1819"
      },
      "branch": "master",
      "displayName": "cs3217-1819_final-project-kickback_master"
    },
    {
      "location": {
        "location": "https://github.com/cs3217-1819/final-project-dash.git",
        "repoName": "final-project-dash",
        "organization": "cs3217-1819"
      },
      "branch": "master",
      "displayName": "cs3217-1819_final-project-dash_master"
    },
    {
      "location": {
        "location": "https://github.com/cs3217-1819/final-project-cs3217-crispybacon.git",
        "repoName": "final-project-cs3217-crispybacon",
        "organization": "cs3217-1819"
      },
      "branch": "master",
      "displayName": "cs3217-1819_final-project-cs3217-crispybacon_master"
    },
    {
      "location": {
        "location": "https://github.com/cs3217-1819/final-project-cs3217-gooreatrestaurant.git",
        "repoName": "final-project-cs3217-gooreatrestaurant",
        "organization": "cs3217-1819"
      },
      "branch": "master",
      "displayName": "cs3217-1819_final-project-cs3217-gooreatrestaurant_master"
    },
    {
      "location": {
        "location": "https://github.com/cs3217-1819/final-project-cs3217-name.git",
        "repoName": "final-project-cs3217-name",
        "organization": "cs3217-1819"
      },
      "branch": "master",
      "displayName": "cs3217-1819_final-project-cs3217-name_master"
    }
  ],
  "sinceDate": "2019-02-15",
  "untilDate": "2019-04-22"
}
