{
  "repoSenseVersion": "816bb1a856",
  "reportGeneratedTime": "Wed Oct 16 05:27:29 2019 UTC",
  "repos": [
    {
      "location": {
        "location": "https://github.com/cs3217-1819/final-project-cs3217-sailingthroughhistory.git",
        "repoName": "final-project-cs3217-sailingthroughhistory",
        "organization": "cs3217-1819"
      },
      "branch": "master",
      "displayName": "cs3217-1819/final-project-cs3217-sailingthroughhistory[master]",
      "outputFolderName": "cs3217-1819_final-project-cs3217-sailingthroughhistory_master"
    },
    {
      "location": {
        "location": "https://github.com/cs3217-1819/final-project-dash.git",
        "repoName": "final-project-dash",
        "organization": "cs3217-1819"
      },
      "branch": "master",
      "displayName": "cs3217-1819/final-project-dash[master]",
      "outputFolderName": "cs3217-1819_final-project-dash_master"
    },
    {
      "location": {
        "location": "https://github.com/cs3217-1819/final-project-cs3217-crispybacon.git",
        "repoName": "final-project-cs3217-crispybacon",
        "organization": "cs3217-1819"
      },
      "branch": "master",
      "displayName": "cs3217-1819/final-project-cs3217-crispybacon[master]",
      "outputFolderName": "cs3217-1819_final-project-cs3217-crispybacon_master"
    },
    {
      "location": {
        "location": "https://github.com/cs3217-1819/final-project-cs3217-gooreatrestaurant.git",
        "repoName": "final-project-cs3217-gooreatrestaurant",
        "organization": "cs3217-1819"
      },
      "branch": "master",
      "displayName": "cs3217-1819/final-project-cs3217-gooreatrestaurant[master]",
      "outputFolderName": "cs3217-1819_final-project-cs3217-gooreatrestaurant_master"
    },
    {
      "location": {
        "location": "https://github.com/cs3217-1819/final-project-cs3217-name.git",
        "repoName": "final-project-cs3217-name",
        "organization": "cs3217-1819"
      },
      "branch": "master",
      "displayName": "cs3217-1819/final-project-cs3217-name[master]",
      "outputFolderName": "cs3217-1819_final-project-cs3217-name_master"
    }
  ],
  "errorList": [
    {
      "repoName": "cs3217-1819/final-project-kickback[master]",
      "errorMessage": "Failed to clone from https://github.com/cs3217-1819/final-project-kickback.git"
    }
  ],
  "sinceDate": "2019-02-15",
  "untilDate": "2019-10-16",
  "isSinceDateProvided": true,
  "isUntilDateProvided": false
}
