{
  "authorDailyContributionsMap": {
    "Jie Liang Ang": [],
    "jieliangang": [
      {
        "insertions": 273,
        "deletions": 111,
        "date": "2019-03-18",
        "commitResults": [
          {
            "hash": "6c104459c262ca0df53ae8ab5bb25c88be949bbe",
            "messageTitle": "Create game workspace",
            "messageBody": "",
            "insertions": 185,
            "deletions": 0
          },
          {
            "hash": "1e302205165928bade68e76b8a01175769dbe848",
            "messageTitle": "Add swiftlint and update info.plist",
            "messageBody": "",
            "insertions": 39,
            "deletions": 100
          },
          {
            "hash": "948843ca54bee086af7e170e8ccfdbccaacdf6e5",
            "messageTitle": "Add models",
            "messageBody": "",
            "insertions": 49,
            "deletions": 11
          }
        ]
      },
      {
        "insertions": 37,
        "deletions": 2,
        "date": "2019-03-19",
        "commitResults": [
          {
            "hash": "635731f4a9894ae0f12bb9aa68289eb6b25c2212",
            "messageTitle": "Add additional skeleton code",
            "messageBody": "",
            "insertions": 37,
            "deletions": 2
          }
        ]
      },
      {
        "insertions": 148,
        "deletions": 2,
        "date": "2019-03-21",
        "commitResults": [
          {
            "hash": "ec058fe47b51d27ca21d04dd44e094f6b71c40eb",
            "messageTitle": "Add additional blank classes",
            "messageBody": "",
            "insertions": 148,
            "deletions": 2
          }
        ]
      },
      {
        "insertions": 25,
        "deletions": 10,
        "date": "2019-03-22",
        "commitResults": [
          {
            "hash": "62e73e4b5b5de27c2a6ea19bc23adb68352f6a95",
            "messageTitle": "Implement Observer pattern",
            "messageBody": "",
            "insertions": 25,
            "deletions": 10
          }
        ]
      },
      {
        "insertions": 346,
        "deletions": 63,
        "date": "2019-03-23",
        "commitResults": [
          {
            "hash": "bb64faeaf5ec9930b2db4867ea257b99fa183ba1",
            "messageTitle": "Add player control and moving background",
            "messageBody": "",
            "insertions": 143,
            "deletions": 4
          },
          {
            "hash": "4107f38935921d874e1323c653d4f521bef32f4c",
            "messageTitle": "Update player node",
            "messageBody": "",
            "insertions": 34,
            "deletions": 27
          },
          {
            "hash": "84e58c05f76b43f28a6c8686fefbc2cfe441dfb2",
            "messageTitle": "Set origin to bottom left",
            "messageBody": "",
            "insertions": 71,
            "deletions": 11
          },
          {
            "hash": "53aa341c1b016c6e5a7d252bace792672f5168a8",
            "messageTitle": "Add score node",
            "messageBody": "",
            "insertions": 11,
            "deletions": 7
          },
          {
            "hash": "b9b9a0b2a85e4a257a749539be819292202e7f43",
            "messageTitle": "Implement observer pattern for Player/PlayerNode",
            "messageBody": "",
            "insertions": 87,
            "deletions": 14
          }
        ]
      },
      {
        "insertions": 34,
        "deletions": 26,
        "date": "2019-03-24",
        "commitResults": [
          {
            "hash": "510ab5deb0d3c0a5504492dabe81af4cac275b1d",
            "messageTitle": "Add glide control",
            "messageBody": "",
            "insertions": 34,
            "deletions": 26
          }
        ]
      },
      {
        "insertions": 36,
        "deletions": 70,
        "date": "2019-03-28",
        "commitResults": [
          {
            "hash": "9e29ce2274c272b859faf257bb03d3a808314f09",
            "messageTitle": "Standardise player control to jetpack",
            "messageBody": "",
            "insertions": 36,
            "deletions": 70
          }
        ]
      },
      {
        "insertions": 456,
        "deletions": 190,
        "date": "2019-04-04",
        "commitResults": [
          {
            "hash": "c0a94c0fc067c83a790c3d44a21ddfbe1ce4f94b",
            "messageTitle": "Basic work on path and wall generation",
            "messageBody": "",
            "insertions": 254,
            "deletions": 39
          },
          {
            "hash": "7123d904cf4cc8fdb5fa6972d2f5335a266d2b50",
            "messageTitle": "Add path model. Basic path and wall generation.",
            "messageBody": "",
            "insertions": 202,
            "deletions": 151
          }
        ]
      },
      {
        "insertions": 39,
        "deletions": 18,
        "date": "2019-04-05",
        "commitResults": [
          {
            "hash": "0d138720bae0fc2caf017d3689f8f0f7bdf94764",
            "messageTitle": "Refactor generator code",
            "messageBody": "",
            "insertions": 39,
            "deletions": 18
          }
        ]
      },
      {
        "insertions": 282,
        "deletions": 172,
        "date": "2019-04-06",
        "commitResults": [
          {
            "hash": "bd598f3d60c9713adb935e01bacbcd58818b488c",
            "messageTitle": "Restructure wall generation",
            "messageBody": "",
            "insertions": 106,
            "deletions": 31
          },
          {
            "hash": "8d497b52d246c01fa088da8c5046657e46d44d05",
            "messageTitle": "Split wall generation to segments",
            "messageBody": "",
            "insertions": 104,
            "deletions": 107
          },
          {
            "hash": "53d3b0c57b6c2ea2c4debb412171016258be554c",
            "messageTitle": "Auto remove unused wall nodes",
            "messageBody": "",
            "insertions": 28,
            "deletions": 8
          },
          {
            "hash": "ad95700529caf1b76df80e467bfb2bf2b78134f3",
            "messageTitle": "Add basic noise to walls",
            "messageBody": "",
            "insertions": 44,
            "deletions": 26
          }
        ]
      },
      {
        "insertions": 432,
        "deletions": 45,
        "date": "2019-04-07",
        "commitResults": [
          {
            "hash": "8507397853c58b286dbf14c36ec3e75c30d63dda",
            "messageTitle": "Basic obstacle generation",
            "messageBody": "",
            "insertions": 217,
            "deletions": 33
          },
          {
            "hash": "43de7cc8400ff2cd873d86153b76687db0725528",
            "messageTitle": "Add power up generation stub",
            "messageBody": "",
            "insertions": 121,
            "deletions": 3
          },
          {
            "hash": "e223068a27f41f15e3383f65efeae29ffdb92c01",
            "messageTitle": "Add unit test stubs",
            "messageBody": "",
            "insertions": 79,
            "deletions": 0
          },
          {
            "hash": "2ca3d296dad289cc1f2d70b0d23cdbd410a34c1d",
            "messageTitle": "Update game engine by time instead of frame",
            "messageBody": "",
            "insertions": 15,
            "deletions": 9
          }
        ]
      },
      {
        "insertions": 472,
        "deletions": 110,
        "date": "2019-04-09",
        "commitResults": [
          {
            "hash": "44643e70f8bbe978fcee5b7848eba16b1e221baf",
            "messageTitle": "Update parameters",
            "messageBody": "",
            "insertions": 28,
            "deletions": 8
          },
          {
            "hash": "94a10618ac4dc8ce9421e19222355f173e91a8b5",
            "messageTitle": "Improve path generation for more accurate curves",
            "messageBody": "",
            "insertions": 197,
            "deletions": 17
          },
          {
            "hash": "e4cb582f63f9285af701b0ec8c6335e302b11546",
            "messageTitle": "Fix object generator bug",
            "messageBody": "",
            "insertions": 53,
            "deletions": 42
          },
          {
            "hash": "8518eaf3d48090e43f3b27fe4465f63880a44914",
            "messageTitle": "Tweak generator parameters",
            "messageBody": "",
            "insertions": 17,
            "deletions": 17
          },
          {
            "hash": "6a930ce7c5bd5b2af8010ddf3a8e286e653fb0ea",
            "messageTitle": "Implement moving obstacle missle",
            "messageBody": "",
            "insertions": 110,
            "deletions": 7
          },
          {
            "hash": "d3163ac8d2cb8d5b3bbc880cc096c5116091a8fa",
            "messageTitle": "Generate power up",
            "messageBody": "",
            "insertions": 45,
            "deletions": 10
          },
          {
            "hash": "c9b09b8d1406daf5ee931fa82ba6a092ee877e70",
            "messageTitle": "Update flappy control environment",
            "messageBody": "",
            "insertions": 22,
            "deletions": 9
          }
        ]
      },
      {
        "insertions": 335,
        "deletions": 238,
        "date": "2019-04-14",
        "commitResults": [
          {
            "hash": "12d159d530aac708382b2e96c7d3062399f5e763",
            "messageTitle": "Add timer to game engine",
            "messageBody": "",
            "insertions": 18,
            "deletions": 8
          },
          {
            "hash": "beb577948b7b1925a4998558dfab483e52f2b9db",
            "messageTitle": "Make speed of game changeable",
            "messageBody": "",
            "insertions": 28,
            "deletions": 19
          },
          {
            "hash": "fbb0d8eff2f9200f233af2a74898c8310dfca8d1",
            "messageTitle": "Implement MovingObject protocol",
            "messageBody": "",
            "insertions": 117,
            "deletions": 39
          },
          {
            "hash": "9b6b012df7bcae00bd1f783fa51b040b488c3ab8",
            "messageTitle": "Remove old generation code",
            "messageBody": "",
            "insertions": 2,
            "deletions": 102
          },
          {
            "hash": "e07c5cb15cf7395fabbdc1077b1b9c566e2ed56f",
            "messageTitle": "DIfferent map for different control",
            "messageBody": "",
            "insertions": 103,
            "deletions": 56
          },
          {
            "hash": "39c8944bea9107469a86ae32f1ea643ed35ba6d9",
            "messageTitle": "Unable to disable collision",
            "messageBody": "",
            "insertions": 44,
            "deletions": 2
          },
          {
            "hash": "9c7b7ceb835bf447644ceb685161b9da4d5aa624",
            "messageTitle": "Add end game condition",
            "messageBody": "",
            "insertions": 23,
            "deletions": 12
          }
        ]
      },
      {
        "insertions": 391,
        "deletions": 261,
        "date": "2019-04-15",
        "commitResults": [
          {
            "hash": "2770d2d16bf357733e908fa2a963d07094179782",
            "messageTitle": "Finalise path generation",
            "messageBody": "",
            "insertions": 76,
            "deletions": 115
          },
          {
            "hash": "aef3200767e40d391c9e33a80ef709bb95235e53",
            "messageTitle": "Fix double timer in game engine",
            "messageBody": "",
            "insertions": 1,
            "deletions": 5
          },
          {
            "hash": "916bfeffc6686f8dd6aab4bedeeb3630820ebde4",
            "messageTitle": "Set max/min wall to be at edge of screen",
            "messageBody": "",
            "insertions": 15,
            "deletions": 4
          },
          {
            "hash": "e3fe57bfc67659789b8282a9f454df1e41cc0f7a",
            "messageTitle": "Min/max interval for obstacle generation",
            "messageBody": "",
            "insertions": 40,
            "deletions": 30
          },
          {
            "hash": "c9613ce1404fa773a0ec8209ca46289f6c672619",
            "messageTitle": "Random power up generation",
            "messageBody": "",
            "insertions": 35,
            "deletions": 6
          },
          {
            "hash": "6fc21ee2a8687475cb9cf4008909d3768ced7efb",
            "messageTitle": "Add power up condition",
            "messageBody": "",
            "insertions": 17,
            "deletions": 1
          },
          {
            "hash": "00e8d8cc86b68cc96649c612a5f89c086b3a5115",
            "messageTitle": "Fix ghost play to not trigger game over",
            "messageBody": "",
            "insertions": 63,
            "deletions": 7
          },
          {
            "hash": "22392c18bdb22e2499c8e00bee5dd89d86196396",
            "messageTitle": "Implement power up trigger",
            "messageBody": "",
            "insertions": 67,
            "deletions": 19
          },
          {
            "hash": "22b6bebde90f14a02ba41a0ae2db519137628d84",
            "messageTitle": "Move seed to game scene",
            "messageBody": "",
            "insertions": 27,
            "deletions": 17
          },
          {
            "hash": "6d96c60c425be945c1b96ccfa27ab3849ac973ea",
            "messageTitle": "Minor refactoring",
            "messageBody": "",
            "insertions": 50,
            "deletions": 57
          }
        ]
      },
      {
        "insertions": 421,
        "deletions": 126,
        "date": "2019-04-16",
        "commitResults": [
          {
            "hash": "f7b853abea2f1982645037b211310ad6be82b411",
            "messageTitle": "Increment difficulty through game",
            "messageBody": "",
            "insertions": 127,
            "deletions": 42
          },
          {
            "hash": "cde8be48b7095fa1946afdababf331beed828e24",
            "messageTitle": "Add coins",
            "messageBody": "",
            "insertions": 124,
            "deletions": 26
          },
          {
            "hash": "b1a72b42a8419727f66bb471e86df4f5a126340c",
            "messageTitle": "Tweak gameplay parameters",
            "messageBody": "",
            "insertions": 25,
            "deletions": 13
          },
          {
            "hash": "0dfff2c9eab156f8e08ecc0d7cbf71213a7ad8e9",
            "messageTitle": "Add fill color to wall",
            "messageBody": "",
            "insertions": 35,
            "deletions": 14
          },
          {
            "hash": "5f27f32d2d302fde193dc9cc195ceeb1f079b6b6",
            "messageTitle": "Add particle and player rotation",
            "messageBody": "",
            "insertions": 54,
            "deletions": 7
          },
          {
            "hash": "108670fc7224d99507ece51bc2c81de316faf337",
            "messageTitle": "Tie particles to scene",
            "messageBody": "",
            "insertions": 1,
            "deletions": 0
          },
          {
            "hash": "94c3357a193f9ae87a03b7d38015d598a527fc4b",
            "messageTitle": "Add parallax background and objects",
            "messageBody": "",
            "insertions": 55,
            "deletions": 24
          }
        ]
      },
      {
        "insertions": 240,
        "deletions": 59,
        "date": "2019-04-17",
        "commitResults": [
          {
            "hash": "39d25eba6c02aa7c1ca8a7a679815cb6ce82aee8",
            "messageTitle": "Add obstacle texture",
            "messageBody": "",
            "insertions": 19,
            "deletions": 6
          },
          {
            "hash": "a244011aae49b0182fae5af0b7c279ace39253a0",
            "messageTitle": "Add power up and coin asset",
            "messageBody": "",
            "insertions": 46,
            "deletions": 24
          },
          {
            "hash": "83711da7b36efd1d0218a43a5621ac182a1f6a78",
            "messageTitle": "Add glow",
            "messageBody": "",
            "insertions": 16,
            "deletions": 1
          },
          {
            "hash": "157bbf07916611f4f7b3ce3fa7f58dbeb936702a",
            "messageTitle": "Add boundary in game",
            "messageBody": "",
            "insertions": 71,
            "deletions": 15
          },
          {
            "hash": "aaee2d8d72f11299c8d7d4587fc16b4fc76a0714",
            "messageTitle": "Add moving background to menus",
            "messageBody": "",
            "insertions": 77,
            "deletions": 5
          },
          {
            "hash": "84fd68f1ac8a147a426a203bb55cc14668aead06",
            "messageTitle": "Add smaller icons for power up and coins",
            "messageBody": "",
            "insertions": 7,
            "deletions": 6
          },
          {
            "hash": "18cc47ca6ea1e1ac512096f17c10e33a5c7aa149",
            "messageTitle": "Remove particles and set alpha for ghost players.",
            "messageBody": "",
            "insertions": 4,
            "deletions": 2
          }
        ]
      },
      {
        "insertions": 110,
        "deletions": 108,
        "date": "2019-04-20",
        "commitResults": [
          {
            "hash": "626db7a9c103f6ee0b77b5901d31c46728017c02",
            "messageTitle": "Fix swiftlint",
            "messageBody": "",
            "insertions": 106,
            "deletions": 104
          },
          {
            "hash": "ffdc1072e0db0c664e1c6bb3e2cc71dc4b68773d",
            "messageTitle": "Rename path generator",
            "messageBody": "",
            "insertions": 4,
            "deletions": 4
          }
        ]
      },
      {
        "insertions": 852,
        "deletions": 464,
        "date": "2019-04-21",
        "commitResults": [
          {
            "hash": "81776aeecd97c905f1cd85186e8e360dfd296455",
            "messageTitle": "Fix memory leak",
            "messageBody": "",
            "insertions": 25,
            "deletions": 21
          },
          {
            "hash": "53580dafaae6408ee36da9312e020a1f29abd22c",
            "messageTitle": "Refactor generator",
            "messageBody": "",
            "insertions": 273,
            "deletions": 16
          },
          {
            "hash": "31db305b7dd784fc730a67b60a16bd5baa02e32c",
            "messageTitle": "Refactor generator and remove unused code",
            "messageBody": "",
            "insertions": 255,
            "deletions": 249
          },
          {
            "hash": "eb6060215ab64191c8aabc8c1647676178358cb3",
            "messageTitle": "Refactor GameEngine",
            "messageBody": "",
            "insertions": 57,
            "deletions": 44
          },
          {
            "hash": "ab6214c84d729c3fcda9a688ef2e3a800a8e5b02",
            "messageTitle": "Refactor model",
            "messageBody": "",
            "insertions": 105,
            "deletions": 37
          },
          {
            "hash": "e1aeb75820bbd40b30bc453b98380f4400e690df",
            "messageTitle": "Refactor Generator and fix swiftlint",
            "messageBody": "",
            "insertions": 137,
            "deletions": 97
          }
        ]
      }
    ],
    "Ang YC": [
      {
        "insertions": 268,
        "deletions": 14,
        "date": "2019-04-03",
        "commitResults": [
          {
            "hash": "2b69fb02bd91e235fc88accd6f1847d448967a86",
            "messageTitle": "Adapt to Multiplayer design",
            "messageBody": "",
            "insertions": 268,
            "deletions": 14
          }
        ]
      },
      {
        "insertions": 35,
        "deletions": 78,
        "date": "2019-04-07",
        "commitResults": [
          {
            "hash": "c83d04ea33fb859624f714e2cbda776497d159dc",
            "messageTitle": "Used PeerKit",
            "messageBody": "",
            "insertions": 35,
            "deletions": 78
          }
        ]
      },
      {
        "insertions": 678,
        "deletions": 106,
        "date": "2019-04-11",
        "commitResults": [
          {
            "hash": "68a0e9262bbef9f0af1bef32cdbbc1e4bf81e781",
            "messageTitle": "Multiplayer",
            "messageBody": "",
            "insertions": 678,
            "deletions": 106
          }
        ]
      },
      {
        "insertions": 313,
        "deletions": 32,
        "date": "2019-04-15",
        "commitResults": [
          {
            "hash": "a6bdf3413f424ad181ecd5a7138afdd54640651c",
            "messageTitle": "Add High Score provider and shadow play logic",
            "messageBody": "",
            "insertions": 313,
            "deletions": 32
          }
        ]
      },
      {
        "insertions": 272,
        "deletions": 38,
        "date": "2019-04-16",
        "commitResults": [
          {
            "hash": "c6a12e8fbadef071744bea1dd369803659560275",
            "messageTitle": "Multiplayer UI integration",
            "messageBody": "",
            "insertions": 272,
            "deletions": 38
          }
        ]
      },
      {
        "insertions": 256,
        "deletions": 301,
        "date": "2019-04-17",
        "commitResults": [
          {
            "hash": "79b490d81d8a270775b33b0d39ab14285be1a494",
            "messageTitle": "Pause-able shadow and multiplayer tweak",
            "messageBody": "",
            "insertions": 69,
            "deletions": 204
          },
          {
            "hash": "95e8d58b5a68ce4a03295f8c1ff85658188d4557",
            "messageTitle": "Powerups for multiplayer, seeding and countdown",
            "messageBody": "",
            "insertions": 51,
            "deletions": 33
          },
          {
            "hash": "87100a1d537219afd9594d8b5d9b1f303ca50ee9",
            "messageTitle": "Highscore",
            "messageBody": "",
            "insertions": 59,
            "deletions": 7
          },
          {
            "hash": "6f10d91949bfd2e4c2a81743217807d46701a0a9",
            "messageTitle": "Highscore fix",
            "messageBody": "",
            "insertions": 63,
            "deletions": 52
          },
          {
            "hash": "e80d1e0a9d9b6b333b2ca223bdb5a6c068d75814",
            "messageTitle": "Minor bug fix",
            "messageBody": "",
            "insertions": 14,
            "deletions": 5
          }
        ]
      },
      {
        "insertions": 26,
        "deletions": 30,
        "date": "2019-04-21",
        "commitResults": [
          {
            "hash": "7254f5350d819fc5ae7cee82310f6fc0108237bb",
            "messageTitle": "Minor fix",
            "messageBody": "",
            "insertions": 26,
            "deletions": 30
          }
        ]
      }
    ],
    "jo-lyn": [
      {
        "insertions": 103,
        "deletions": 22,
        "date": "2019-03-27",
        "commitResults": [
          {
            "hash": "0e969ac4a345aae36e549a88b7c2c7a812be480f",
            "messageTitle": "Add wall generation logic",
            "messageBody": "",
            "insertions": 55,
            "deletions": 1
          },
          {
            "hash": "a35353a4ba3cc10cdf7216c7f54790ce69f1e0ce",
            "messageTitle": "Implement wall node",
            "messageBody": "",
            "insertions": 35,
            "deletions": 3
          },
          {
            "hash": "3bdbe304dbb2316a00e9ca9589b61238cebe5c09",
            "messageTitle": "Refactor",
            "messageBody": "",
            "insertions": 10,
            "deletions": 18
          },
          {
            "hash": "80a107bbbd001dd582ac59b9e4e0dd2a1dfa9950",
            "messageTitle": "Add todo comments",
            "messageBody": "",
            "insertions": 3,
            "deletions": 0
          }
        ]
      },
      {
        "insertions": 1,
        "deletions": 1,
        "date": "2019-04-03",
        "commitResults": [
          {
            "hash": "8bed4bda6b9313d14742a9cdbc5e667b6130a2e0",
            "messageTitle": "Fix colon violation",
            "messageBody": "",
            "insertions": 1,
            "deletions": 1
          }
        ]
      },
      {
        "insertions": 152,
        "deletions": 34,
        "date": "2019-04-05",
        "commitResults": [
          {
            "hash": "84bcb3d091bc43471b465ae0cf055843f3331537",
            "messageTitle": "Add other controls",
            "messageBody": "",
            "insertions": 152,
            "deletions": 34
          }
        ]
      },
      {
        "insertions": 89,
        "deletions": 25,
        "date": "2019-04-06",
        "commitResults": [
          {
            "hash": "a58e1cb88539a613130a73577e7478d8491f06fc",
            "messageTitle": "Add game menu",
            "messageBody": "",
            "insertions": 89,
            "deletions": 25
          }
        ]
      },
      {
        "insertions": 2,
        "deletions": 17,
        "date": "2019-04-07",
        "commitResults": [
          {
            "hash": "df384c57c4cd0b40c4c4ba1f413b13e73cd03ce2",
            "messageTitle": "Fix character type for player 2",
            "messageBody": "",
            "insertions": 2,
            "deletions": 17
          }
        ]
      },
      {
        "insertions": 66,
        "deletions": 46,
        "date": "2019-04-10",
        "commitResults": [
          {
            "hash": "7528dbedabefa5002402f5ce1f337d97ba7c1f96",
            "messageTitle": "Use playerNode for player controllers",
            "messageBody": "",
            "insertions": 52,
            "deletions": 42
          },
          {
            "hash": "fe7082ec3c3619ff5456752a0ca4dd65ec26e1d2",
            "messageTitle": "Change textures",
            "messageBody": "",
            "insertions": 5,
            "deletions": 3
          },
          {
            "hash": "95d49744ae021637148f51cf695bae98ee272236",
            "messageTitle": "Temporary fix for arrow control",
            "messageBody": "",
            "insertions": 9,
            "deletions": 1
          }
        ]
      },
      {
        "insertions": 253,
        "deletions": 42,
        "date": "2019-04-11",
        "commitResults": [
          {
            "hash": "c1d6cf3ed8b54566977d439a97d13ae33e6ee3a4",
            "messageTitle": "Support multiple observers",
            "messageBody": "",
            "insertions": 49,
            "deletions": 28
          },
          {
            "hash": "4ccd243af09f84fcba08418ccc0076daa789fef2",
            "messageTitle": "Fix missing powers",
            "messageBody": "",
            "insertions": 1,
            "deletions": 1
          },
          {
            "hash": "0593bcc67b3816898375a291ca07fe716e210773",
            "messageTitle": "Implement missions",
            "messageBody": "",
            "insertions": 156,
            "deletions": 2
          },
          {
            "hash": "737fb66dea3d883c1d15247503f2e5e73da123d9",
            "messageTitle": "Add mission queue",
            "messageBody": "",
            "insertions": 23,
            "deletions": 0
          },
          {
            "hash": "cda3a51f6a2ca2d1ed8f6d723fce5cd41434c798",
            "messageTitle": "Change score color",
            "messageBody": "",
            "insertions": 1,
            "deletions": 1
          },
          {
            "hash": "4cec2d1a11e6d68b9f1a790d41e07306331a9eec",
            "messageTitle": "Add message animation",
            "messageBody": "",
            "insertions": 22,
            "deletions": 9
          },
          {
            "hash": "947f9c2c9a1fb169d5e30c3706823d638974d4e1",
            "messageTitle": "Change to new observers",
            "messageBody": "",
            "insertions": 1,
            "deletions": 1
          }
        ]
      },
      {
        "insertions": 55,
        "deletions": 7,
        "date": "2019-04-13",
        "commitResults": [
          {
            "hash": "ab330fbc6a8ddb9478eb1842a97321a7ef492412",
            "messageTitle": "Add local storage",
            "messageBody": "",
            "insertions": 55,
            "deletions": 7
          }
        ]
      },
      {
        "insertions": 571,
        "deletions": 260,
        "date": "2019-04-14",
        "commitResults": [
          {
            "hash": "fe2464ca5851f6834204247431f3109441c7032e",
            "messageTitle": "Implement infinite missions",
            "messageBody": "",
            "insertions": 64,
            "deletions": 19
          },
          {
            "hash": "5011e6cad465016ec2847c820190988d0bbabceb",
            "messageTitle": "Remove mission queue",
            "messageBody": "",
            "insertions": 0,
            "deletions": 24
          },
          {
            "hash": "03d82eea1d855eeb96824b76c5b92a63828e0dc3",
            "messageTitle": "Implement sliding controls selection",
            "messageBody": "",
            "insertions": 133,
            "deletions": 1
          },
          {
            "hash": "59f6e214970ac15c374367477c5b02739827cbfd",
            "messageTitle": "Add arrow buttons",
            "messageBody": "",
            "insertions": 79,
            "deletions": 19
          },
          {
            "hash": "805804af29f9dee9db279850728ecf6040364440",
            "messageTitle": "Add transition to game scene",
            "messageBody": "",
            "insertions": 26,
            "deletions": 3
          },
          {
            "hash": "8623e797135169b87ea142c1a5decf98ca6f6d21",
            "messageTitle": "Refactor",
            "messageBody": "",
            "insertions": 4,
            "deletions": 4
          },
          {
            "hash": "b0be6f603dc7292a7f5f4f34c95af7d151e0fb67",
            "messageTitle": "Add missions scene",
            "messageBody": "",
            "insertions": 265,
            "deletions": 190
          }
        ]
      },
      {
        "insertions": 495,
        "deletions": 203,
        "date": "2019-04-15",
        "commitResults": [
          {
            "hash": "3884d8b06bd58e127e60822e26e6f9aeb41a85fd",
            "messageTitle": "Add end game scene",
            "messageBody": "",
            "insertions": 94,
            "deletions": 42
          },
          {
            "hash": "8a785758e08e227ace6bd710c0b9eeceae480454",
            "messageTitle": "Add missions in menu screen",
            "messageBody": "",
            "insertions": 37,
            "deletions": 12
          },
          {
            "hash": "c3a36de4a511e9b38c4750235a9f2030ca1a0bfd",
            "messageTitle": "Add replay",
            "messageBody": "",
            "insertions": 26,
            "deletions": 5
          },
          {
            "hash": "d23a8b6c0ad155a9e789686202ddb1a3492139fd",
            "messageTitle": "Add resume function",
            "messageBody": "",
            "insertions": 53,
            "deletions": 2
          },
          {
            "hash": "3103943546ddec3845e9d017f400e4bd675334ad",
            "messageTitle": "Adjust pause window transparency",
            "messageBody": "",
            "insertions": 1,
            "deletions": 0
          },
          {
            "hash": "dffd84ebac91949595362a4d325d9d37f0c93549",
            "messageTitle": "Enable returning to menu during game",
            "messageBody": "",
            "insertions": 56,
            "deletions": 23
          },
          {
            "hash": "3235f413028ea657b96fb4b848c42e4986f0dbdd",
            "messageTitle": "Pause player",
            "messageBody": "",
            "insertions": 18,
            "deletions": 9
          },
          {
            "hash": "35b25262704e51335094cc1efee8b899ae2bbc9f",
            "messageTitle": "Fix merge conflicts",
            "messageBody": "",
            "insertions": 15,
            "deletions": 37
          },
          {
            "hash": "d585bfc0e7211aaa77049eb5d6d61876ce6a3728",
            "messageTitle": "Change jetpack to glide",
            "messageBody": "",
            "insertions": 16,
            "deletions": 16
          },
          {
            "hash": "e077e6a0964f31345c40081099053d6f33c5a038",
            "messageTitle": "Add enter leaderboard scene",
            "messageBody": "",
            "insertions": 39,
            "deletions": 0
          },
          {
            "hash": "42921b0b3b2b252d727c8d46c0a616c9ed5d43e2",
            "messageTitle": "Refactor controllers",
            "messageBody": "",
            "insertions": 11,
            "deletions": 3
          },
          {
            "hash": "5a7aa6108f54c38455775fa0e9db67a2caafbc6e",
            "messageTitle": "Add leaderboard scene",
            "messageBody": "",
            "insertions": 106,
            "deletions": 8
          },
          {
            "hash": "63031f4ae3cbddc966c34d6b47976252465c302f",
            "messageTitle": "Fix player controls",
            "messageBody": "",
            "insertions": 23,
            "deletions": 46
          }
        ]
      },
      {
        "insertions": 602,
        "deletions": 49,
        "date": "2019-04-16",
        "commitResults": [
          {
            "hash": "b184697c39c3335b8eda5e49f01980bdbdffb061",
            "messageTitle": "Add powerup mission",
            "messageBody": "",
            "insertions": 33,
            "deletions": 14
          },
          {
            "hash": "651cfa005fee72d47d815ca60a8258d17322125e",
            "messageTitle": "Rename old menu scene",
            "messageBody": "",
            "insertions": 1,
            "deletions": 1
          },
          {
            "hash": "3850f55eac4269f565459a68347ee8dee253e3b3",
            "messageTitle": "Add multiplayer lobby scene",
            "messageBody": "",
            "insertions": 190,
            "deletions": 10
          },
          {
            "hash": "2ac3f079b633e4cad9ed13e8091d527f6146acad",
            "messageTitle": "Add multiplayer host scene",
            "messageBody": "",
            "insertions": 113,
            "deletions": 6
          },
          {
            "hash": "0ab9f0e2ea495e50b24131ac5f825ae11b38fc1b",
            "messageTitle": "Update text field",
            "messageBody": "",
            "insertions": 48,
            "deletions": 2
          },
          {
            "hash": "f420ed8d2f6465cd68146ec8de4b896240ec7f37",
            "messageTitle": "Add multiplayer join scene",
            "messageBody": "",
            "insertions": 69,
            "deletions": 1
          },
          {
            "hash": "70f00901792b9b2e3390603fa7aadf848794397b",
            "messageTitle": "Add countdown label",
            "messageBody": "",
            "insertions": 9,
            "deletions": 6
          },
          {
            "hash": "1a10d317bfb3174565cdd78ed39b6ac5bd04e193",
            "messageTitle": "Add loading view",
            "messageBody": "",
            "insertions": 73,
            "deletions": 0
          },
          {
            "hash": "d8ef655708c079feb50aeb14f284e6aab60a256d",
            "messageTitle": "Implement leaderboard scene",
            "messageBody": "",
            "insertions": 41,
            "deletions": 4
          },
          {
            "hash": "264b417333b12948972b455e765652b8636370e6",
            "messageTitle": "Base high scores on category",
            "messageBody": "",
            "insertions": 25,
            "deletions": 5
          }
        ]
      },
      {
        "insertions": 406,
        "deletions": 114,
        "date": "2019-04-17",
        "commitResults": [
          {
            "hash": "804932fc615da2b95a419f2d3d082166f45956df",
            "messageTitle": "Check high score (comment)",
            "messageBody": "",
            "insertions": 29,
            "deletions": 4
          },
          {
            "hash": "91c26bc17b293d5c3a5168816a47d6a9221903b6",
            "messageTitle": "Change distance count",
            "messageBody": "",
            "insertions": 1,
            "deletions": 1
          },
          {
            "hash": "71011f74920bc2ec1789187423a616f105dfd1cc",
            "messageTitle": "Add coins mission",
            "messageBody": "",
            "insertions": 38,
            "deletions": 12
          },
          {
            "hash": "31b55e21f0ea1c06799bf45428a309851be58c8a",
            "messageTitle": "Selection for shadow play",
            "messageBody": "",
            "insertions": 29,
            "deletions": 16
          },
          {
            "hash": "23750903cc85d4bfc872b57977a8acd11e53bdbb",
            "messageTitle": "Add error message",
            "messageBody": "",
            "insertions": 31,
            "deletions": 14
          },
          {
            "hash": "2b90ce79e02ba00e427791f004cbf2e1e6dc0034",
            "messageTitle": "Show game over after high score",
            "messageBody": "",
            "insertions": 26,
            "deletions": 0
          },
          {
            "hash": "2ce17362f940d4199af2c53242a5afc3abac7936",
            "messageTitle": "Use arrow icons",
            "messageBody": "",
            "insertions": 20,
            "deletions": 6
          },
          {
            "hash": "46211fbf1721574b5faa4fae68db9137394c3f7b",
            "messageTitle": "Replace more icons",
            "messageBody": "",
            "insertions": 88,
            "deletions": 45
          },
          {
            "hash": "9b20cdac936cf230aa50bed934dd1ece6f372574",
            "messageTitle": "Add counting coin label",
            "messageBody": "",
            "insertions": 25,
            "deletions": 3
          },
          {
            "hash": "664fd9ea29a27c17b89271a8bdf4e8d6624ad6f0",
            "messageTitle": "Add skip button",
            "messageBody": "",
            "insertions": 34,
            "deletions": 0
          },
          {
            "hash": "2b112c7037f2e3f23371ea754ff68fb4aa3b425e",
            "messageTitle": "Add return to menu button in more screens",
            "messageBody": "",
            "insertions": 66,
            "deletions": 0
          },
          {
            "hash": "011f9cec1f01ae45bb59f34cfb046ee839a29ebc",
            "messageTitle": "Adjust layout in highscores",
            "messageBody": "",
            "insertions": 7,
            "deletions": 6
          },
          {
            "hash": "cb967e21899ceb645371713a571753e15b656c4e",
            "messageTitle": "Preserve menu state",
            "messageBody": "",
            "insertions": 5,
            "deletions": 3
          },
          {
            "hash": "70a39e56780304f51350459618496ab784a1a8c7",
            "messageTitle": "Preserve menu scene after multiplayer lobby",
            "messageBody": "",
            "insertions": 5,
            "deletions": 2
          },
          {
            "hash": "177db9c7d5ddb1362998bf0449848b49dc3c37ef",
            "messageTitle": "Disable stats",
            "messageBody": "",
            "insertions": 2,
            "deletions": 2
          }
        ]
      },
      {
        "insertions": 73,
        "deletions": 118,
        "date": "2019-04-19",
        "commitResults": [
          {
            "hash": "666a3a0ae61686136e2422bd623febdb1d18123b",
            "messageTitle": "Refactor return to menu node",
            "messageBody": "",
            "insertions": 5,
            "deletions": 18
          },
          {
            "hash": "a2162f0c7ae0adc9d72d0f7f455e1a8fb021e43b",
            "messageTitle": "Prevent double game over",
            "messageBody": "",
            "insertions": 5,
            "deletions": 0
          },
          {
            "hash": "b20d9490be7ea8713dbbea15f8de08a8600d0364",
            "messageTitle": "Refactor text field",
            "messageBody": "",
            "insertions": 3,
            "deletions": 39
          },
          {
            "hash": "f60ddff34604cee33d009ae62c5798e8ebd0053e",
            "messageTitle": "Update return to menu node",
            "messageBody": "",
            "insertions": 10,
            "deletions": 16
          },
          {
            "hash": "1b084c8f51acdc1b563acf0aa27a981f966ecc3d",
            "messageTitle": "Refactor coin score node",
            "messageBody": "",
            "insertions": 39,
            "deletions": 36
          },
          {
            "hash": "cb524c483424b42a83decfe8215c6beba235a2a2",
            "messageTitle": "Fix text field bugs",
            "messageBody": "",
            "insertions": 11,
            "deletions": 9
          }
        ]
      },
      {
        "insertions": 168,
        "deletions": 212,
        "date": "2019-04-20",
        "commitResults": [
          {
            "hash": "608d94e92cc9ef20222a13f28b174c6a560688e4",
            "messageTitle": "Save mission checkpoint instead of message",
            "messageBody": "",
            "insertions": 43,
            "deletions": 42
          },
          {
            "hash": "441c7215175a8db78c9d3d05cb7ccb4b7942aa4b",
            "messageTitle": "Delete old menu scene",
            "messageBody": "",
            "insertions": 0,
            "deletions": 62
          },
          {
            "hash": "f0eed42ee893a2794aabdb5e89d0995fcea886a3",
            "messageTitle": "Refactor missions",
            "messageBody": "",
            "insertions": 68,
            "deletions": 60
          },
          {
            "hash": "2b9df56e5975304fdbe7f868e7ec1fe7e4ad7c05",
            "messageTitle": "Refactor notifications",
            "messageBody": "",
            "insertions": 11,
            "deletions": 9
          },
          {
            "hash": "2190ef13cfed3cd96e64d9dc096fef90ca55eabe",
            "messageTitle": "Move font names into constants",
            "messageBody": "",
            "insertions": 46,
            "deletions": 39
          }
        ]
      },
      {
        "insertions": 15,
        "deletions": 10,
        "date": "2019-04-21",
        "commitResults": [
          {
            "hash": "6fc7737e85210f121db422cb5a9dc408a56d5818",
            "messageTitle": "Make initialisation of storage private",
            "messageBody": "",
            "insertions": 2,
            "deletions": 0
          },
          {
            "hash": "8cc6052b528002b2d5c5713e74cb906dff02e9a9",
            "messageTitle": "Fix comment",
            "messageBody": "",
            "insertions": 1,
            "deletions": 1
          },
          {
            "hash": "36225603d36fa03ebe8102dbb505aae97a91703c",
            "messageTitle": "Add some header comments",
            "messageBody": "",
            "insertions": 9,
            "deletions": 1
          },
          {
            "hash": "5753a9370f08eb170ff72a9501827b4cc56b2434",
            "messageTitle": "Remove todos, comments and print statements",
            "messageBody": "",
            "insertions": 1,
            "deletions": 7
          },
          {
            "hash": "13a39c1b84e4391a1df06124ff7f224a6415f969",
            "messageTitle": "A bit more refactoring",
            "messageBody": "",
            "insertions": 2,
            "deletions": 1
          }
        ]
      }
    ]
  },
  "authorFinalContributionMap": {
    "Jie Liang Ang": 0,
    "jieliangang": 2776,
    "Ang YC": 1315,
    "jo-lyn": 1935
  },
  "authorFileTypeContributionMap": {
    "Jie Liang Ang": {
      "swift": 0
    },
    "jieliangang": {
      "swift": 2776
    },
    "Ang YC": {
      "swift": 1315
    },
    "jo-lyn": {
      "swift": 1935
    }
  },
  "authorContributionVariance": {
    "Jie Liang Ang": 0.0,
    "jieliangang": 56453.074,
    "Ang YC": 17344.467,
    "jo-lyn": 29572.611
  },
  "authorDisplayNameMap": {
    "Jie Liang Ang": "Jie Liang Ang",
    "jieliangang": "jieliangang",
    "Ang YC": "Ang YC",
    "jo-lyn": "jo-lyn"
  }
}
